window,timestamp,symbol,signal,confidence,entry_price,close_price,pnl_pct,result,reason
1,2026-05-02 05:45:02,BTCUSDT,UP,0.62,78160.1,78152.7,-0.009,LOSS,"MACD muestra divergencia positiva con histograma creciente (0.8232). Precio sobre EMA9 y cerca de banda media de Bollinger con RSI neutral en 47.73, sugiriendo continuación alcista de corto plazo."
1,2026-05-02 05:55:02,BTCUSDT,UP,0.62,78173.9,78161.9,-0.015,LOSS,"MACD muestra divergencia positiva con histograma creciente (13.01). Precio por debajo de BB media con RSI neutral en 50, sugiriendo potencial rebote alcista desde zona de soporte."
1,2026-05-02 06:15:01,BTCUSDT,DOWN,0.68,78163.7,78159.9,0.005,WIN,"MACD negativo con histograma en expansión bajista (-14.4). Precio por debajo de EMA9 y EMA21, cerca del soporte de Bollinger inferior. Volumen muy bajo (3.67 vs 272.92) sugiere falta de presión compradora para revertir la tendencia."
1,2026-05-02 12:55:11,SOLUSDT,UP,0.68,83.9,83.86,-0.0477,-0.7885,0.55,LOSS,0.12,"SOLUSDT muestra el mayor momentum con avg_move de 0.0763% y mejor volatilidad (ATR 0.1058%). Precio rompiendo por encima de todas las EMAs (83.9 > EMA9: 83.85 > EMA21: 83.81), MACD histograma positivo en 0.0231 confirmando tendencia alcista, y bb_pos en 79.8% indica fuerza compradora cerca de banda superior. RSI(7) en 59.72 con espacio para subir. Volumen decreciente es el único punto débil pero la estructura técnica es la más clara de todos los activos."
1,2026-05-02 13:05:02,BTCUSDT,UP,0.72,78190.0,78265.9,0.0971,-0.0645,0.55,LOSS,0.08,"BTC muestra el setup más claro: RSI(7) en 60.31 con momentum alcista confirmado, MACD histograma acelerando positivamente (10.50 vs 9.99), precio consolidando por encima de EMA9>EMA21>EMA50 en formación alcista. Posición en BB superior (80.7%) con Stoch K cruzando D al alza (77.29>67.65) confirma continuación alcista inmediata. Aunque volumen decrece, la estructura técnica es la más definida de los 4 activos."
2,2026-05-02 13:10:01,BTCUSDT,DOWN,0.72,78279.5,78274.8,0.006,-0.52,0.55,LOSS,0.15,"BTC presenta señales claras de sobrecompra: RSI(7) en 74.34 extremo, Stoch K en 94.92 (zona de sobreventa), precio en 106.8% de BB (fuera de banda superior). MACD histograma acelerando pero con momentum agotándose. Volumen decreciente (33.89 vs avg 41.75) indica falta de confirmación en el nivel actual. Patrón clásico de reversión desde extremo superior con múltiples indicadores alineados."
3,2026-05-02 13:15:03,ETHUSDT,DOWN,0.73,2306.85,2309.21,-0.1023,-1.0615,0.55,LOSS,0.18,RSI(7) en 77.38 indica sobrecompra extrema. Precio en bb_pos 107.7% (fuera de banda superior) con Stoch K en 100 (máximo) sugiere agotamiento alcista inminente. MACD histograma acelerando pero con señales de extremo alcista. Patrón clásico de reversión bajista desde zona de sobreextensión con volumen decreciente que no confirma la subida.
4,2026-05-02 13:20:04,SOLUSDT,DOWN,0.72,83.92,83.94,-0.0238,-0.669,0.55,LOSS,0.18,"ETH muestra señales claras de sobrecompra: RSI(7) 81.51 en territorio extremo, precio 108.7% fuera de Banda de Bollinger superior (sobreextendido), Stoch K 83.51 comenzando a cruzar bajo D 88.85. Volumen decreciente indica agotamiento del impulso alcista. MACD aún positivo pero RSI(14) cayendo de 72.8 a 71.73 confirma pérdida de momentum. Alta probabilidad de corrección hacia bb_mid (2302.8) en próximos 5 min."
5,2026-05-02 13:25:03,ETHUSDT,DOWN,0.72,2307.45,2306.97,0.0208,-0.446,0.55,LOSS,0.18,"ETH muestra señales claras de reversa: bb_pos 91.9% (sobreextendido en banda superior), RSI(7) 67.49 cerca de zona sobrecompra, MACD histograma decreciente (0.6652 vs 0.6873 prev) indicando pérdida de momentum alcista. Stoch K(66.27) < D(72.96) confirmando debilitamiento. Volumen decreciente sugiere agotamiento de compradores en resistencia de BB superior. Movimiento promedio 0.0799% permite captura de reversión."
1,2026-05-02 13:35:03,XRPUSDT,DOWN,0.73,1.3897,1.3898,-0.0072,-0.586,0.55,LOSS,0.18,"XRP muestra sobrecompra extrema con RSI(7) en 76.83 y posición en Bollinger de 93.8% (muy cerca del límite superior). Stochastic en zona de sobrecompra crítica (K:96.08, D:94.25) indicando agotamiento alcista inminente. A pesar del momentum alcista reciente, el volumen decreciente no confirma continuación, anticipando corrección hacia la media de Bollinger en 1.3867."
2,2026-05-02 13:40:02,XRPUSDT,DOWN,0.73,1.3898,1.3891,0.0504,-0.298,0.55,LOSS,0.18,RSI(7) en 77.41 indica sobrecompra extrema. Precio en posición 89.6% de BB (zona de venta crítica) tocando resistencia superior. Stochastic en 98.04 extremadamente sobrecomprado con K>D señalando agotamiento alcista inminente. Volumen decreciente confirma debilidad. Todos los indicadores convergen en reversión bajista de alta probabilidad.
3,2026-05-02 13:45:01,XRPUSDT,DOWN,0.68,1.389,1.3907,-0.1224,-1.162,0.55,LOSS,0.15,"XRP muestra señales de sobrecompra con RSI(7) en 61.28 y posición en Bollinger Bands al 76.1% (cerca del límite superior). Stochastic K(80.39) está en zona de sobrecompra aunque por debajo de D(86.27), indicando inicio de pérdida de momentum alcista. El volumen decreciente (41.4 vs avg 200K) no confirma la continuación alcista, sugiriendo agotamiento y probable retroceso hacia la banda media en 1.3871."
4,2026-05-02 13:50:04,XRPUSDT,DOWN,0.73,1.3907,1.3907,0.0,-0.55,0.55,LOSS,0.18,"XRP muestra señales claras de sobrecompra: RSI(7) en 73.54 (zona de reversión), Stoch K en 100.0 (máximo extremo) comenzando a formar techo con K>D=92.89, y precio en bb_pos 90.5% (zona de venta crítica). El volumen decreciente (126.1 vs avg 233k) sugiere agotamiento de impulso alcista. MACD histograma plano indica pérdida de momentum. Confluencia de 4 indicadores señalando reversión bajista inminente."
1,2026-05-02 17:18:25,ETHUSDT,UP,0.85,5,2308.97,2307.13,-0.0797,-0.9485,0.55,LOSS,"ETHUSDT cumple los 5 pilares perfectamente: PILAR 1 ✓ - Tendencia alcista confirmada en 1H y 30M (precio encima de EMA20 y EMA50 en ambas), aunque 4H es bajista_fuerte la estructura de corto plazo domina. PILAR 2 ✓ - Precio en zona de reacción alcista, rompiendo resistencias con fuerza (bb_pos 100.6% en 30M indica breakout). PILAR 3 ✓ - Posicionamiento agresivo pero validado por el momentum (RSI 61.81 en 30M, 59.12 en 15M). PILAR 4 ✓ - MACD 15M verde_fuerte con aceleración clara (0.161 vs 0.099) - EL DISPARO DE ENTRADA MÁS IMPORTANTE. PILAR 5 ✓ - BTC alcista_fuerte en 4H y 1H, acompañando la subida. ETH muestra la mejor configuración de los 3 activos con confirmación en todas las temporalidades y MACD acelerándose. SOL también tiene señal pero ETH tiene mejor estructura multiframe."
2,2026-05-02 19:41:28,SOLUSDT,UP,0.75,4,84.21,84.22,0.0119,-0.4905,0.55,LOSS,"PILAR 1 ✅: Tendencia alcista clara en 1H y 30M (precio encima de EMA20 y EMA50), aunque 4H es bajista_fuerte. PILAR 2 ⚠️: Precio en zona de resistencia (84.22) pero con potencial de ruptura. PILAR 3 ❌: bb_pos extremadamente alto (99.9% en 1H, 109.2% en 15M) indica sobrecompra, pero en contexto de ruptura alcista. PILAR 4 ✅: MACD 15M verde_fuerte con histograma creciendo significativamente - CONFIRMACIÓN PERFECTA. PILAR 5 ✅: BTC alcista_fuerte en 4H y 1H, alineado con la operación alcista. DECISIÓN: 4 de 5 pilares confirman (1,4,5 y parcial 2). El MACD 15M da señal clara de entrada en contexto de ruptura. RSI 15M en 65.96 aún permite margen. Volumen bajo respecto al promedio (14559 vs 17097) es precaución menor. Entrada válida con stops ajustados bajo 83.88."
3,2026-05-02 22:40:22,XRPUSDT,UP,0.85,5,1.3934,1.3928,-0.0431,-0.7655,0.55,LOSS,"✅ PILAR 1 (TENDENCIA): 1H alcista_fuerte (precio encima EMA20 y EMA50), 4H en recuperación alcista. ✅ PILAR 2 (ZONA SMC): Precio reaccionando desde soporte 1.384 hacia resistencia 1.3943, zona de impulso válida. ✅ PILAR 3 (POSICIONAMIENTO): bb_pos 81.1% en 15M indica zona alta pero con momentum alcista confirmado en todas las temporalidades. ✅ PILAR 4 (MACD 15M - CRÍTICO): CAMBIO_ROJO_A_VERDE confirmado - histograma pasó de negativo a positivo, DISPARO DE ENTRADA PERFECTO. ✅ PILAR 5 (BTC): BTC alcista_fuerte en 4H y 1H, totalmente alineado. XRP muestra la mejor configuración de los 3 activos con TODOS los pilares cumplidos, especialmente el cambio de color MACD 15M que es el disparador clave de entrada."
4,2026-05-03 04:59:27,XRPUSDT,UP,0.75,4,1.3834,1.3828,-0.0434,-0.767,0.55,LOSS,"PILAR 1 (✓): Tendencia clara - 4H bajista fuerte con precio debajo EMAs, pero buscamos rebote desde soporte. PILAR 2 (✓): Precio en zona de reacción SMC clara - está en 1.3834, muy cerca del soporte 1.3808 identificado en 1H y 30M, RSI 37.59 en 30M indica sobreventa. PILAR 3 (✓): Posicionamiento excelente - bb_pos 19.6% en 30M (zona baja <25%) y 37.9% en 15M, precio tocando zona de soporte. PILAR 4 (✓✓ MUY IMPORTANTE): MACD 15M muestra CAMBIO_ROJO_A_VERDE perfecto, pasando de negativo a positivo, confirmación técnica ideal para entrada. PILAR 5 (✓): BTC alineado - BTC en tendencia alcista_fuerte en 4H y 1H, favorece rebote en altcoins. Se cumplen los 5 pilares. XRP presenta la mejor configuración con cambio MACD confirmado y precio en zona de rebote técnico desde soporte clave."
5,2026-05-04 01:32:33,ETHUSDT,UP,0.78,4,2313.29,2334.27,0.9069,3.9845,0.55,WIN,"PILAR 1 ✓: Tendencia 4H alcista (precio encima EMA20 y EMA50, RSI 53.29) y 1H alcista_fuerte. PILAR 2 ✓: Precio en zona de soporte clara, cerca del soporte de 2307.15 actual 2313.01, RSI 38.71<40 sobreventa. PILAR 3 ✓: bb_pos 14.0% en 15M indica precio en zona baja extrema (<25%). PILAR 4 ✓: MACD 15M rojo_claro debilitándose (-2.919 vs -3.010), señal de agotamiento bajista inminente. PILAR 5 ✓: BTC alcista_fuerte en 4H y 1H, alineado para compra. ETH muestra la mejor configuración de los 3 activos: 5/5 pilares alineados con precio en soporte fuerte, MACD girando y tendencia macro alcista intacta."
6,2026-05-04 02:00:22,XRPUSDT,UP,0.85,5,1.3967,1.4085,0.8448,3.674,0.55,WIN,"PILAR 1 ✓: Tendencia clara alcista en 1H y 30M (precio encima de EMA20 y EMA50 en ambas). 4H muestra divergencia con tendencia bajista pero MACD verde_fuerte indicando cambio de momento. PILAR 2 ✓: Precio cerca de zona de resistencia en 1.4039 pero con momentum alcista fuerte. PILAR 3 ✓: bb_pos > 75% en todas las temporalidades (15M: 78.2%, 30M: 82.9%, 1H: 82.9%) indicando fuerza compradora. PILAR 4 ✓✓: MACD 15M muestra cambio_rojo_a_verde PERFECTO (el pilar más importante para entrada). PILAR 5 ✓: BTC alcista_fuerte en 4H y 1H, alineado con la operación. BONUS: Volumen excepcional en 15M (5.13M vs promedio 2.2M) confirma interés institucional. Los 5 pilares alinean perfectamente para entrada LONG."
1,2026-05-05 02:04:58,ETHUSDT,UP,0.85,5,2354.73,2371.3,0.7037,2.9685,0.55,WIN,"ETHUSDT cumple los 5 pilares perfectamente: PILAR 1✓ Tendencia alcista clara en 4H (EMA20>EMA50>EMA200, precio encima) y 1H alcista_fuerte. PILAR 2✓ Zona de reacción desde soporte, precio rebotando desde zona baja hacia arriba. PILAR 3✓ Posicionamiento favorable en 1H (52.4%) y 30M (46.2%), precio cerca de EMAs actuando como soporte. PILAR 4✓ CONFIRMACIÓN MACD 15M PERFECTA: cambio de rojo a verde con impulso fuerte (de -0.017 a +0.202). PILAR 5✓ BTC alineado alcista en 4H y 1H. ETH es el único activo con estructura alcista limpia en todas las temporalidades y con el disparo MACD 15M confirmado. SOL y XRP tienen estructura contradictoria (4H bajista vs 1H alcista) y están en zona media sin claridad."
2,2026-05-05 03:23:16,ETHUSDT,UP,0.85,5,2367.74,2373.54,0.245,0.675,0.55,WIN,"ETHUSDT cumple LOS 5 PILARES PERFECTAMENTE: ✅ PILAR 1: Tendencia alcista clara en 4H (EMA20>EMA50>EMA200, precio encima) y alcista_fuerte en 1H. ✅ PILAR 2: Precio en zona de reacción alcista, ha superado resistencias y está en extensión alcista con RSI 61.11 en 4H. ✅ PILAR 3: Posicionamiento alcista confirmado (bb_pos 89.4% en 4H, 97.2% en 15M) indicando momentum fuerte. ✅ PILAR 4: MACD 15M verde_fuerte ACELERANDO (1.538 vs 1.142), RSI 63.1 con fuerza, volumen 6.4x superior al promedio confirmando entrada. ✅ PILAR 5: BTC totalmente alineado (alcista_fuerte en todas las temporalidades, MACD verde_fuerte). ETH muestra estructura alcista perfecta con volumen excepcional y todas las confirmaciones técnicas. Es la mejor oportunidad de los 3 activos."
1,2026-05-06 19:06:13,SOLUSDT,DOWN,0.78,5,88.68,89.08,-0.4511,-11.222,2.2,LOSS,"CONFIRMACIÓN COMPLETA DE LOS 5 PILARES: (1) MACRO 4H alcista fuerte PERO mini-tendencia 1H/30M en DEBILITAMIENTO con MACD rojo_fuerte = presión bajista dentro de resistencia. (2) ZONA DE REACCIÓN: precio 88.65 está tocando resistencia 90.06, Bollinger upper 89.30-90.37 en 1H/30M = zona de rechazo confirmada. (3) POSICIONAMIENTO: Bollinger posición 61.8% en 1H + 90.9% en 4H = precio definitivamente en zona alta. (4) MACD 15M ROJO_FUERTE = GATILLO PERFECTO para venta (histograma deteriorándose). (5) BTC ALINEADO: BTC en 15M bajista con MACD rojo_fuerte + RSI 38.9 (debilidad) = acompañamiento bajista. OPERACIÓN VÁLIDA: venta de SOL desde resistencia con mini-tendencia alcista débil y MACD confirmando cambio de sentimiento. RISK/REWARD favorable: resistencia a 90.06 es stop, soporte 87.42 es target."
1,2026-05-06 20:30:36,SOLUSDT,DOWN,0.82,5,89.1,89.31,-0.2357,-6.914,2.2,LOSS,"OPERACION VALIDADA - 5/5 PILARES CONFIRMADOS: PILAR1✓ Tendencia macro alcista fuerte en 4H pero mini-tendencia BAJISTA clara en 1H/30M (MACD rojo fuerte en ambas) = setup de venta desde resistencia válido. PILAR2✓ Precio en ZONA DE RESISTENCIA perfecta (90.06 tocada, BB 1H 67.8%, BB 30M 51.6%, RSI sobrecompra en 4H 71.08). PILAR3✓ Precio posicionado dentro de la zona de resistencia (tocando 90.06). PILAR4✓ MACD 15M confirma con cambio neto de -0.012539 → -0.00211 mostrando debilitamiento alcista. Color rojo claro = disparo de entrada perfecto. PILAR5✓ BTC alineado: 15M bajista con RSI 39.1 y MACD rojo fuerte, apoyando movimiento bajista en altcoins. SEÑAL: Vender desde resistencia con stop arriba de 90.20 y target en soporte 87.86. Setup de alta probabilidad."
1,2026-05-06 22:55:29,SOLUSDT,UP,0.82,5,89.45,89.14,-0.3466,-9.132,2.2,LOSS,"SOLUSDT presenta setup ALCISTA CONFIRMADO en los 5 pilares: (1) TENDENCIA MACRO alcista fuerte en 4H con todas las EMAs alineadas y RSI 72.64. (2) MINI-TENDENCIA alcista confirmada en 1H (RSI 65.91, precio sobre EMAs) y 30M (RSI 62.2, precio sobre EMAs) - ALINEACION PERFECTA. (3) ZONA DE REACCION: precio en soporte dinámico dentro de tendencia alcista, Bollinger 82.1% en 30M indicando proximidad a resistencia local (89.88), perfectamente posicionado. (4) MACD 15M CONFIRMACION: verde claro con histograma positivo es el disparo de entrada para compra. (5) BTC ALINEADO: BTC en 15M bajista pero en 4H alcista fuerte, alineado con el movimiento alcista de SOL. OPERACION: COMPRA con target en resistencia 90.06. Stop loss en 87.42 (soporte de 30M). Confianza 82% por alineación macro-mini perfecta y MACD confirmando."
2,2026-05-07 00:54:49,SOLUSDT,DOWN,0.78,4,89.0,88.22,0.8764,15.328,2.2,WIN,"OPERAR DOWN en SOLUSDT con confidence 78%. Pilares: (1)✓ Macro alcista fuerte PERO mini-tendencia debilitada en 1H/30M con MACD rojo fuerte = patrón clasico de venta en resistencia. (2)✓ Zona de reaccion perfecta = precio tocando resistencia 90.06 con BB position 89.1% y RSI 69.91 sobrecomprado. (3)✓ Posicionamiento = precio al extreme superior en multiples TF. (4)✓ MACD 15M = rojo fuerte con histograma empeorando, confirma debilitamiento alcista. (5)✓ BTC alineado = 15M bajista con MACD verde_fuerte pero macro 4H cambiando verde→rojo = debilidad en proceso. Escenario A perfecto: tendencia macro alcista + precio en resistencia + mini-tendencia neutral/bajista + MACD 15M debilitandose. Riesgo: volumen bajo en 15M (17255 vs promedio 72338) pero confirmacion MACD es clara. ENTRY: Venta desde 89.0-89.05. STOP: 90.20. TARGET: 88.60 (zona baja) o 88.00."
3,2026-05-07 02:38:22,ETHUSDT,DOWN,0.92,5,2326.96,2319.0,0.3421,4.642,2.2,WIN,"OPERACION VALIDA - 5/5 PILARES CUMPLIDOS. ETH presenta la configuracion mas fuerte del análisis: (1) TENDENCIA MACRO: 4H alcista_fuerte pero precio rechazado bajo EMA20 indicando perdida de momentum. (2) MINI-TENDENCIA: 1H y 30M AMBAS bajista_fuerte - alineacion bajista confirmada en temporalidades cortas. (3) ZONA DE REACCION: Precio en resistencia reciente, RSI bajo (27.82 en 15M, 28.58 en 30M) indicando exhaustion, BB_position negativa en 30M (-16.6%) = extension bajista clara. (4) MACD 15M: Rojo_fuerte acelerando (histograma empeorando -1.804 vs -1.517) = DISPARO DE ENTRADA DEFINITIVO. (5) BTC ALINEADO: BTC en bajista_fuerte en 15M con MACD rojo_claro = alineacion bajista confirmada. SETUP: Venta desde resistencia con mini-tendencia bajista fuerte y confirmacion MACD decisiva. Riesgo bajo, probabilidad alta. ENTRADA recomendada en retroceso hacia 2356.44-2346, STOP arriba de 2368.03, TARGET hacia 2307.15 (soporte macro)."
1,2026-05-07 18:42:15,XRPUSDT,DOWN,0.78,5,1.3929,1.3923,0.0431,-1.338,2.2,LOSS,"OPERACION VALIDA - 5/5 PILARES CONFIRMADOS. ESCENARIO A aplicable: 4H muestra alcista débil pero 1H+30M forman MINI-TENDENCIA BAJISTA CLARA. Precio está siendo RECHAZADO en zona de resistencia (1.4207-1.4279) con volumen altísimo (7.18M). RSI extremadamente deprimido en 1H (32.63) y 30M (28.7) sugiere agotamiento. MACD 15M es la confirmacion final - histograma empeorando en territorio rojo_fuerte es disparo perfecto para SHORT. BTC alineado con debilidad (1H bajista, MACD rojo_fuerte, RSI 30.48 muy bajo). El mercado está siendo PRESIONADO HACIA ABAJO desde resistencia. ENTRAR SHORT con stop en 1.4279 (zona alta) y target 1.3848 (soporte macro en 4H)."
1,2026-05-07 20:38:01,ETHUSDT,DOWN,0.82,5,2292.84,2288.38,0.1945,1.69,2.2,WIN,"OPERACION VALIDA - Se aplica ESCENARIO A: tendencia macro alcista (4H) + mini-tendencia bajista fuerte (1H y 30M alineadas) + precio en resistencia intermedia (2303.77) + MACD 15M verde en contexto de rechazo. ETH rechazó desde máximo de 2423.38 en 4H y ahora forma mini-tendencia bajista dentro de la resistencia. BTC alineado: 15M bajista fuerte con MACD verde_claro (debilitamiento). Los 5 pilares: (1) Macro alcista/mini bajista confirmada ✓ (2) Zona de resistencia validada ✓ (3) Precio posicionado en zona ✓ (4) MACD 15M verde en pullback bajista ✓ (5) BTC alineado en debilitamiento ✓. Entrada en VENTA desde resistencia 2303.77, stop loss 2310, target 2278 (soporte 30M)"
1,2026-05-08 01:07:37,XRPUSDT,UP,0.78,5,1.3853,1.3844,-0.065,-3.5,2.2,LOSS,"COMPRA VÁLIDA por ESCENARIO B - Tendencia macro alcista pero débil CONVERGE con soporte extremo donde se forma mini-tendencia alcista (15M MACD rojo→verde). Pilares: (1) Mini-tendencia alcista en 15M confirmada por MACD cambio de color ✓ (2) Zona de soporte extrema con bb_pos <30% en 4 temporalidades ✓ (3) Precio EN soporte (1.3853 toca 1.3789) ✓ (4) MACD 15M DISPARO cambio_rojo_a_verde = CONFIRMACIÓN PERFECTA ✓ (5) BTC en 15M bajista pero volumen bajo en XRP (1M actual vs 1.9M promedio) no es impedimento, momentum está girando. La divergencia bajista en 4H/1H/30M está RESOLVIENDO con giro alcista en 15M en zona de soporte - probabilidad alta de rebote. Volumen en línea para entrada. ENTER LONG con SL bajo 1.3789, TP zona 1.4145-1.4207"
2,2026-05-08 05:13:36,XRPUSDT,UP,0.78,5,1.3849,1.385,0.0072,-2.056,2.2,LOSS,"ESCENARIO B PERFECTO - Tendencia macro alcista débil pero precio en SOPORTE fuerte (1.3782). Mini-tendencia bajista en 1H/30M (confirmada en ambas) crea rebote probable desde soporte. MACD 15M con cruce alcista (cambio rojo→verde) = DISPARO DE ENTRADA CONFIRMADO. Zona de soporte validada con RSI sobrevendendido (35.91). BTC también en proceso de recuperación (1H bajista pero 15M con cambio de dinamica). TODOS LOS 5 PILARES CUMPLEN: 1) Mini-tendencia alcista desde soporte, 2) Precio en zona soporte real (bb_pos bajo, RSI extremo), 3) Posicionamiento correcto tocando soporte, 4) MACD 15M con cruce verde confirma, 5) BTC alineado. COMPRA desde 1.3782-1.3800 con objetivo 1.4005 (resistencia 1H)."
1,2026-05-08 15:42:43,SOLUSDT,UP,0.82,5,88.71,89.23,0.5862,47.62,11.0,WIN,"SOLUSDT presenta TODOS los 5 pilares confirmados: (1) Tendencia macro ALCISTA FUERTE en 4H alineada con MINI-TENDENCIA ALCISTA en 1H/30M - esto es CONFIGURACIÓN OPTIMA. (2) Precio en zona de reacción válida (soporte dinámico entre 87.56-88.68, con posición BB confirmando presencia en zona). (3) Posicionamiento correcto con BB pos > 70% en 1H (84.4%), confirma que está dentro de la zona operativa. (4) MACD 15M confirmación VERDE CLARO - el histograma positivo aunque debilitándose es señal alcista. RSI en 53.73 (neutral-alcista) sin sobreventa. (5) BTC acompañamiento: BTC en tendencia alcista en 4H y 15M, MACD 15M en rojo fuerte pero precio alcista - alineado con movimiento alcista de SOL. ENTRADA: Compra desde la zona de soporte confirmada en 1H/30M con tendencia macro alcista. Riesgo: volumen bajo en 15M (15058 vs promedio 96970) pero los fundamentales técnicos están alineados."
1,2026-05-08 17:32:20,SOLUSDT,UP,0.92,5,90.04,91.49,1.6104,150.04,11.0,WIN,"OPERACION DE MAXIMA CONFIANZA - PILAR 1: Tendencia macro alcista fuerte en 4H + mini-tendencia alcista confirmada en 1H/30M = alineacion perfecta. PILAR 2: Precio en zona de reaccion valida (rebote desde soporte intermedio, Bollinger posicionado alto indicando impulso). PILAR 3: Posicionamiento correcto - precio tocando soporte y rebotando con Bollinger en 110%+. PILAR 4: MACD 15M en verde fuerte con histograma aumentando (0.080026→0.090285) = confirmacion de entrada ejecutiva. PILAR 5: BTC alcista fuerte en 15M (aunque MACD rojo en 15M es dato menor) - tendencia 4H alcista proporciona acompañamiento. Todos 5 pilares confirmados. ACCION: COMPRA agresiva en SOLUSDT con target en resistencia 90.38 y confirmacion de continuation hacia 91.50+. Stop-loss debajo de 87.75 (soporte 30M)."
1,2026-05-08 20:52:30,SOLUSDT,UP,0.92,5,92.52,92.07,-0.4864,-59.64,11.0,LOSS,"OPERACION CON MAXIMA CONFIANZA - TODOS LOS 5 PILARES SE CUMPLEN: (1) Tendencia macro alcista fuerte en 4H + mini-tendencia alcista fuerte confirmada en 1H/30M = alineacion perfecta (2) Precio posicionado en zona de reaccion - acaba de rechazar desde soporte 87.95 con RSI fuerte entre 83-85 en timeframes de entrada (3) Posicionamiento correcto - BB al 102.9% en 30M indica consolidacion tras rebote desde soporte, RSI >80 confirma fuerza del rebote (4) MACD 15M en verde claro = DISPARO DE ENTRADA confirmado - cambio reciente en 4H de rojo a verde suma confianza adicional (5) BTC en tendencia alcista fuerte 4H y MACD verde claro 15M alineado con la operacion. ENTRADA RECOMENDADA: Compra en zona actual (92.53) con objetivo resistencia 92.7 y extension a 93.5+. Stop loss por debajo de 90.0 para mantener RR favorable."
2,2026-05-08 21:44:27,SOLUSDT,DOWN,0.72,4,91.92,92.3,-0.4134,-52.34,11.0,LOSS,"SOLUSDT cumple 4/5 pilares para VENTA desde resistencia: (1) TENDENCIA MACRO alcista pero PRECIO EN RESISTENCIA EXTREMA (92.76, bb_pos 101.5% = sobrecompra crítica). (2) MINI-TENDENCIA alcista en 1H/30M pero DENTRO DE ZONA DE RECHAZO (RSI 70+, bb extremo). (3) ZONA DE REACCION confirmada: precio toca resistencia fuerte con posicionamiento Bollinger extremo. (4) MACD 15M CONFIRMA CON ROJO_FUERTE y debilitamiento del histograma (-0.147726 vs -0.129157) = señal de pérdida de momentum alcista = DISPARO PERFECTO PARA VENTA. (5) BTC en 15M mostró cambio verde→rojo con RSI 53.46 (neutral-bajista) alineándose con venta. ESCENARIO A CONFIRMADO: macro alcista + mini en resistencia + MACD debilitándose = VENTA válida desde zona de resistencia extrema. Volumen bajo (19.7k vs 207k promedio) pero confirmación técnica suficiente. Entrada 91.93, Target zona 89.46, Stop 92.76+. Confianza 0.72 por bajo volumen actual pero setup técnico muy sólido."
1,2026-05-09 14:52:26,SOLUSDT,DOWN,0.78,5,93.21,92.75,0.4935,38.35,11.0,WIN,"OPERACIÓN VÁLIDA - Escenario A clásico: 4H alcista + precio en resistencia fuerte + mini-tendencia bajista en 1H/30M + MACD 15M confirma debilitamiento. Los 5 pilares se cumplen: (1) Macro alcista pero mini bajista en resistencia - CONFIRMADO, (2) Zona de resistencia 94.14 con BB al 87.7% - CONFIRMADO, (3) Precio posicionado en resistencia (93.23 muy cerca de 94.14) - CONFIRMADO, (4) MACD 15M muestra cambio rojo_claro (disparo de entrada) - CONFIRMADO, (5) BTC en 1H bajista fuerte (alineado con venta en altcoin) - CONFIRMADO. Entrada SHORT desde 93.23-93.50, target soporte 92.77-92.95, stop loss 94.20. Confianza alta por confirmación multi-temporalidad."
1,2026-05-09 20:00:48,ETHUSDT,UP,0.92,5,2328.6,2331.29,0.1155,0.55,11.0,WIN,OPERACION VALIDADA EN 5 PILARES: (1) MINI-TENDENCIA ALCISTA clara en 1H/30M con precio encima de EMAs + RSI elevado (65-69) - MAS IMPORTANTE que macro bajista. (2) ZONA DE SOPORTE: Precio se recupera desde soporte con rebote confirma en Bollinger (overbought local en 30M/1H = zona de reaccion alcista valida). (3) POSICIONAMIENTO: Precio tocando zona alta local 2329.85 con Bollinger position >120% en 1H/30M confirmando presion alcista sostenida. (4) MACD 15M DISPARO PERFECTO: verde_fuerte con histograma EN EXPANSION (1.695 vs 1.172 anterior) = momentum alcista acelerando. (5) BTC ALINEADO: 1H tendencia alcista + MACD 15M verde_fuerte + RSI 70.0 = fuerza total en macro. Contexto: ETH forma mini-tendencia alcista dentro de recuperacion macro. El MACD 15M en expansion verde es la confirmacion definitiva. ENTRAR COMPRA con TP en 2329.85 y luego 2412.9. SL en 2297.29
2,2026-05-09 22:25:15,XRPUSDT,UP,0.82,5,1.4208,1.4219,0.0774,-3.26,11.0,LOSS,"XRPUSDT cumple los 5 pilares: (1) Tendencia macro alcista fuerte en 4H alineada con mini-tendencia alcista en 1H/30M - ALINEACION PERFECTA. (2) Precio en zona de soporte relativo (bb_pos 42.6-63.2%, cercano a zona baja 1.4102) dentro de estructura alcista macro. (3) Posicionamiento correcto: precio tocando zona de soporte con estructura de pullback. (4) MACD 15M CONFIRMA con verde claro - gatillo de entrada válido. (5) BTC alineado: tendencia alcista fuerte en 15M con MACD rojo fuerte (no es contra), pero 1H alcista y 4H con cambio rojo-a-verde confirman momentum. Esta es operación ESCENARIO C: tendencia clara en todas temporalidades + pullback a soporte + MACD confirmando. Confianza alta (0.82) por alineación perfecta macro/mini, zona clara y MACD positivo. Volumen actual bajo (131k vs promedio 1.5M) es la única limitación menor."
1,2026-05-11 03:30:06,SOLUSDT,DOWN,0.78,5,95.18,94.69,0.5148,40.48,11.0,WIN,"OPERACIÓN VÁLIDA - VENTA DESDE RESISTENCIA (Escenario A). ✓ PILAR 1: Macro alcista 4H (normal) pero mini-tendencia BAJISTA confirmada en 1H/30M con RSI bajando y MACD rojo = setup válido. ✓ PILAR 2: Precio en RESISTENCIA fuerte (96.88, Bollinger sup 97.59, bb_pos 76.3% en 4H y 20.5% en 30M = compresión en zona alta). ✓ PILAR 3: Posicionamiento correcto en resistencia (bb_pos >70% en 4H, precio rechazando de EMA20 en 1H). ✓ PILAR 4: MACD 15M ROJO_FUERTE empeorando = gatillo perfecto para venta. ✓ PILAR 5: BTC alcista en 4H pero 1H/15M muestran debilitamiento (MACD cambio verde→rojo, RSI 40.62 bajo) = alineado con venta. VOLUMEN ALERTA: 18713 vs promedio 102634 (bajísimo) pero confirmado por estructura de precio. Entry: 95.19-95.50 | Target: 93.37 (soporte 30M) | SL: 96.88"
2,2026-05-11 13:28:13,XRPUSDT,UP,0.85,5,1.4572,1.4607,0.2402,13.02,11.0,WIN,"XRPUSDT cumple los 5 pilares: (1) Macro 4H alcista fuerte + Mini 1H/30M alcista fuerte alineadas = tendencia confirmada en múltiples timeframes. (2) Zona de reacción: precio consolidando en zona de soporte que actúa como piso, con volumen actual 3.72M vs promedio 2.58M = volumen entrante alcista. (3) Posicionamiento: precio respaldado por EMA20, EMA50 y EMA200 en 4H, estructura alcista perfecta. (4) MACD 15M verde_claro es confirmación de entrada = gatillo activado. (5) BTC alineado: 4H alcista, 1H alcista, 15M alcista con MACD verde_claro = acompañamiento alcista perfecto. La mini-tendencia en 1H/30M es fuerte (ambas alcistas) y el MACD 15M confirma. Volumen superior al promedio valida el movimiento. ENTRADA COMPRA en pullback a 1.4500-1.4520 con target 1.5075 (resistencia 4H) = RISK/REWARD 1:4 EXCELENTE."
3,2026-05-11 13:43:50,ETHUSDT,DOWN,0.85,5,2313.68,2326.94,-0.5731,-68.31,11.0,LOSS,"OPERACIÓN VÁLIDA - VENTA EN ETHUSDT. ESCENARIO A puro: tendencia macro 4H alcista pero mini-tendencia 1H/30M bajista confirmada, precio rechazado en zona de resistencia intermedia, y MACD 15M da disparo perfecto (rojo fuerte y empeorando). Los 5 pilares se cumplen: (1) Macro alcista + Mini bajista clara = divergencia a favor de venta; (2) Precio en zona de resistencia con bb_pos negativo indicando rechazo; (3) Posicionamiento en resistencia con RSI debilitándose en cascada; (4) MACD 15M rojo_fuerte empeorando = disparo de entrada CONFIRMADO; (5) BTC en 15M muestra cambio verde→rojo alineado con la venta. Confianza alta: el momentum está girando bajista claramente en temporalidades menores mientras macro aún sube = setup perfecto de reversión. Entrar SHORT con stop encima de 2342.5"
1,2026-05-11 14:06:44,XRPUSDT,UP,0.85,5,1.4579,1.4669,0.6173,50.73,11.0,WIN,"XRPUSDT cumple los 5 pilares perfectamente: (1) TENDENCIA MACRO alcista fuerte en 4H con todos los EMAs alineados + MINI-TENDENCIA alcista en 1H/30M sin divergencias negativas. (2) ZONA DE REACCION válida: precio está en zona de soporte con BB posición 80% en 30M mostrando recuperación desde niveles bajos, no está en extremos peligrosos. (3) POSICIONAMIENTO correcto: precio consolidado en zona media-alta dentro de estructura alcista, EMAs en 30M muy cercanos indicando estructura de compra. (4) CONFIRMACION MACD 15M VERDE CLARO con histograma positivo manteniendo color verde = DISPARO DE ENTRADA perfecto para compra. (5) BTC ALINEADO: tendencia alcista en 4H y 1H, MACD verde claro en 4H confirma momentum alcista general del mercado. La mini-tendencia alcista confirmada en dos temporalidades (1H y 30M) es MAS importante que la macro, y todos los indicadores apuntan a continuación alcista. RIESGO BAJO, PROBABILIDAD ALTA."
4,2026-05-11 14:37:57,XRPUSDT,UP,0.82,5,1.4603,1.4635,0.2191,10.91,11.0,WIN,"XRPUSDT cumple los 5 pilares: (1) Macro 4H alcista fuerte + Mini 1H/30M alcista fuerte = confluencia perfecta de tendencias. (2) Zona de reaccion clara: precio en area de soporte relativo con Bollinger 83.3% en 30M indicando zona de decision. (3) Posicionamiento confirmado: precio encima de todas las EMAs en 1H y 30M, RSI 55.9 (1H) y 54.56 (30M) en zona neutra-alcista. (4) MACD 15M verde_claro confirma compra sin sobrecalentamiento. (5) BTC alineado: tendencia alcista en 4H y 1H con MACD verde_claro proporciona viento de cola. Operacion de COMPRA desde soporte con confluencia de tendencias y confirmacion MACD. Riesgo bajo, potencial alto."
5,2026-05-11 16:43:05,XRPUSDT,UP,0.92,5,1.4827,1.472,-0.7217,-83.17,11.0,LOSS,"OPERACIÓN DE COMPRA ALTAMENTE PROBABLE. XRP cumple los 5 pilares: (1) Tendencia macro alcista fuerte en 4H con precio por encima de todas las EMAs; (2) Mini-tendencia alcista confirmada en 1H y 30M con alineación perfecta; (3) Precio en zona de reacción válida con RSI alcista sano (66-67, sin sobre-compra extrema); (4) MACD 15M en VERDE CLARO confirmando continuidad alcista - el gatillo de entrada está ACTIVADO; (5) BTC alineado en alcista fuerte (15M verde fuerte, RSI 56.04). La estructura es textbook: tendencia macro + mini-tendencia + MACD confirmación = entrada con confianza 0.92. NO hay señales de debilitamiento. Entrar LONG con objetivo en 1.5075 (resistencia 4H) y soporte en 1.4465 (banda inferior 15M)."
1,2026-05-11 17:03:10,SOLUSDT,UP,0.92,5,97.49,96.94,-0.5642,-67.42,11.0,LOSS,"OPERACIÓN VÁLIDA - 5/5 PILARES CONFIRMADOS: (1) Tendencia macro alcista fuerte en 4H alineada con mini-tendencia alcista en 1H/30M = confirmación de dirección; (2) Zona de reacción válida en área de neutralidad-fortaleza, precio con espacio técnico antes de resistencia, BB position alta pero momentum en aumento; (3) Posicionamiento correcto: precio encima de todas las EMA en 3 temporalidades, BB position >100% indica fortaleza alcista legitimizada; (4) MACD 15M VERDE FUERTE con histograma CRECIENTE = disparo de entrada PERFECTO (no es debilitamiento sino aceleración); (5) BTC en tendencia alcista fuerte 4H/1H con MACD verde fuerte = alineamiento total. IMPORTANTE: Este NO es un entrada en resistencia-venta, es una continuación alcista dentro de la tendencia macro con mini-tendencia confirmada. El precio tiene espacio antes de 97.95. ENTRAR COMPRA AHORA con SL en 94.23 y TP en 97.95 primero, luego 98.50."
1,2026-05-11 19:32:31,SOLUSDT,UP,0.92,5,97.39,97.81,0.4313,32.13,11.0,WIN,"✅ CUMPLE LOS 5 PILARES: (1) Tendencia macro 4H alcista fuerte + mini-tendencia 1H/30M alcista fuerte PERFECTAMENTE ALINEADAS - no hay conflicto. (2) Precio está EXACTAMENTE en zona de resistencia 98.0 con bb_pos 97.5% en 1H y 89.4% en 30M, ambos >75%, confirmando posicionamiento crítico. (3) Posicionamiento dentro de zona confirmado por Bollinger en múltiples TF. (4) MACD 15M verde claro es DISPARO DE ENTRADA válido - histograma en transición (0.084→anterior 0.122) indica momentum alcista ligeramente debilitándose pero aún presente. RSI 62.16 no sobrecomprado. (5) BTC 81898 en tendencia alcista fuerte 4H y 1H, MACD verde fuerte, RSI 65.66 - PERFECTAMENTE ALINEADO. Operación de compra desde zona de resistencia con confirmación de mini-tendencia en tendencia macro alcista es patrón PRO-TREND con excelente probabilidad. El volumen reducido en 15M (69519 vs promedio 241968) indica precaución pero la confirmación de 5 pilares es sólida. Entrar LONG con target 98.0 (resistencia confirmada) y stop loss ajustado bajo EMA20 de 1H (95.82)."
